Initiation No.,Initiation Date,Estimated Class Year,Expelled/Suspended
1,3/31/1913,1914,
2,3/31/1913,1915,
3,3/31/1913,1914,
4,3/31/1913,1914,
5,3/31/1913,1915,
6,3/31/1914,1915,
7,3/31/1914,1915,
8,3/31/1914,1916,
9,3/31/1914,1916,
10,3/31/1914,1916,
11,11/10/1913,1917,
12,11/10/1913,1917,
13,11/10/1913,1915,
14,2/10/1914,1918,
15,11/10/1913,1917,
16,2/10/1914,1918,
17,4/28/1914,1918,
18,4/28/1914,1918,
19,11/6/1914,1918,
20,11/6/1914,1918,
21,11/6/1914,1918,
22,11/6/1914,1918,
23,11/6/1914,1918,
24,11/6/1914,1917,
25,11/6/1914,1918,
26,11/6/1914,1918,
27,,1917,
28,11/6/1914,1918,
29,11/6/1914,1918,
30,1/29/1915,1919,
31,1/30/1913,1917,
32,2/1/1915,1919,
33,2/1/1915,1919,
34,2/1/1915,1919,
35,3/19/1915,1919,
36,9/28/1912,1916,
37,2/1/1915,1919,
38,2/1/1915,1919,
39,5/9/1915,1914,
40,4/9/1915,1919,
41,5/9/1915,1919,
42,5/9/1915,1919,
43,10/4/1915,1919,
44,12/4/1915,1919,
45,12/4/1915,1919,
46,12/4/1915,1919,
47,4/2/1916,1920,
48,3/5/1916,1920,
49,3/5/1916,1920,
50,3/5/1916,1920,
51,3/5/1916,1920,
52,5/28/1916,1920,
53,5/28/1916,1919,
54,5/28/1916,1920,
55,10/12/1916,1920,
56,1/1/1916,1920,
57,10/12/1916,1919,
58,10/12/1916,1920,
59,10/12/1916,1920,
60,10/11/1916,1920,
61,1/1/1916,1920,
62,10/12/1916,1920,
63,11/26/1916,1920,
64,12/15/1916,1920,
65,11/26/1916,1920,
66,2/18/1917,1921,
67,3/25/1917,1921,
68,3/25/1917,1921,
69,3/25/1917,1921,
70,3/25/1917,1919,
71,3/25/1917,1921,
72,3/25/1917,1921,
73,3/25/1917,1921,
74,10/28/1917,1921,
75,10/28/1917,1921,
76,10/28/1917,1920,
77,10/28/1917,1921,
78,10/28/1917,1921,
79,10/28/1917,1921,
80,1/1/1918,1922,
81,1/13/1918,1922,
82,,1920,
83,1/13/1918,1922,
84,1/13/1918,1922,
85,1/13/1918,1922,
86,1/13/1918,1922,
87,1/13/1918,1922,
88,1/13/1918,1922,
89,2/24/1918,1922,
90,2/24/1918,1922,
91,1/1/1918,1922,
92,2/24/1918,1922,
93,2/24/1918,1922,
94,5/26/1918,1922,
95,5/26/1918,1922,
96,1/1/1918,1920,
97,5/26/1918,1922,
98,1/1/1918,1922,
99,5/26/1918,1922,
100,5/26/1918,1922,
101,10/20/1918,1922,
102,11/3/1918,1922,
103,11/3/1918,1919,
104,11/3/1918,1922,
105,12/1/1918,1922,
106,12/1/1918,1922,
107,1/1/1918,1922,
108,1/1/1919,1922,
109,3/2/1919,1923,
110,3/2/1919,1923,
111,3/2/1919,1923,
112,3/2/1919,1923,
113,5/25/1918,1922,
114,5/25/1918,1922,
115,5/25/1918,1922,
116,11/16/1919,1923,
117,2/29/1920,1924,
118,2/29/1920,1924,
119,2/29/1920,1924,
120,2/29/1920,1924,
121,2/29/1920,1924,
122,1/1/1920,1924,
123,2/29/1920,1924,
124,2/29/1920,1922,
125,2/29/1920,1924,
126,2/29/1920,1924,
127,2/29/1920,1924,
128,2/29/1920,1924,
129,,1922,
130,,1922,
131,2/29/1920,1924,
132,4/25/1920,1924,
133,,1922,
134,10/31/1920,1924,
135,10/31/1920,1924,
136,10/31/1920,1924,
137,10/31/1920,1924,
138,10/31/1920,1923,
139,10/31/1920,1924,
140,10/31/1920,1924,
141,3/6/1921,1925,
142,3/6/1921,1925,
143,3/6/1921,1925,
144,3/6/1921,1925,
145,3/6/1921,1925,
146,2/26/1922,1926,
147,1/1/1922,1926,
148,2/26/1922,1926,
149,2/26/1922,1926,
150,2/26/1922,1926,
151,2/26/1922,1926,
152,2/26/1922,1926,
153,6/13/1921,1925,
154,4/20/1922,1924,
155,5/21/1922,1924,
156,1/1/1923,1927,
157,2/25/1923,1927,
158,2/25/1923,1927,
159,2/25/1923,1927,
160,2/25/1923,1927,
161,2/25/1923,1927,
162,5/22/1923,1925,
163,5/27/1923,1927,
164,5/27/1923,1927,
165,1/1/1923,1927,
166,10/7/1923,1927,
167,1/1/1924,1928,
168,10/21/1924,1928,
169,3/8/1924,1928,
170,3/8/1924,1928,
171,3/8/1924,1928,
172,3/8/1924,1928,
173,,1925,
174,5/11/1924,1928,
175,5/11/1924,1928,
176,1/1/1924,1923,
177,5/11/1924,1928,
178,1/1/1924,1926,
179,5/22/1914,1918,
180,10/21/1924,1927,
181,1/1/1925,1929,
182,3/14/1925,1929,
183,1/1/1925,1929,
184,5/24/1925,1929,
185,5/24/1925,1929,
186,,1927,
187,3/7/1926,1930,
188,,1927,
189,3/7/1925,1929,
190,1/1/1925,1929,
191,3/7/1925,1929,
192,1/1/1925,1929,
193,3/7/1925,1929,
194,1/1/1925,1929,
195,6/11/1926,1928,
196,6/11/1926,1929,
197,6/11/1926,1930,
198,12/12/1926,1930,
199,12/12/1926,1928,
200,3/5/1926,1929,
201,3/5/1926,1930,
202,3/5/1926,1930,
203,1/1/1927,1930,
204,3/5/1927,1931,
205,,1930,
206,3/5/1927,1931,
207,3/5/1927,1931,
208,,1930,
209,,1930,
210,6/10/1927,1931,
211,2/26/1928,1932,
212,1/1/1928,1932,
213,1/1/1928,1930,
214,2/26/1928,1932,
215,1/1/1928,1932,
216,2/26/1928,1932,
217,1/1/1928,1932,
218,,1930,
219,2/26/1928,1932,
220,2/26/1928,1932,
221,2/26/1928,1932,
222,2/26/1928,1932,
223,,1930,
224,1/1/1928,1932,
225,,1930,
226,,1932,
227,3/3/1929,1933,
228,1/1/1929,1933,
229,1/1/1929,1933,
230,3/3/1929,1933,
231,3/3/1929,1933,
232,3/3/1929,1933,
233,3/3/1929,1933,
234,1/1/1929,1933,
235,5/29/1929,1933,
236,6/10/1929,1933,
237,6/10/1929,1933,
238,6/10/1929,1933,
239,1/1/1929,1933,
240,,1930,
241,6/10/1929,1933,
242,1/1/1929,1929,
243,3/16/1930,1934,
244,3/16/1930,1934,
245,1/1/1930,1931,
246,3/16/1930,1934,
247,3/16/1930,1934,
248,,1932,
249,1/1/1930,1934,
250,3/16/1930,1933,
251,1/1/1930,1933,
252,3/16/1930,1934,
253,1/1/1930,1934,
254,6/22/1930,1934,
255,6/24/1930,1934,
256,6/25/1930,1934,
257,10/12/1930,1934,
258,10/12/1930,1934,
259,10/12/1930,1934,
260,10/12/1930,1934,
261,1/1/1931,1935,
262,1/1/1931,1931,
263,3/8/1931,1935,
264,3/8/1931,1935,
265,1/1/1931,1933,
266,3/8/1931,1935,
267,3/8/1931,1935,
268,6/18/1931,1935,
269,1/1/1931,1935,
270,1/1/1932,1935,
271,5/1/1932,1934,
272,5/1/1932,1936,
273,1/1/1932,1936,
274,5/1/1932,1935,
275,1/1/1932,1935,
276,5/1/1932,1935,
277,1/1/1932,1935,
278,10/9/1932,1936,
279,1/1/1932,1936,
280,4/2/1933,1937,
281,4/2/1933,1937,
282,1/1/1933,1934,
283,4/2/1933,1937,
284,5/25/1933,1937,
285,5/28/1933,1937,
286,1/1/1933,1935,
287,11/5/1933,1937,
288,11/5/1933,1935,
289,1/1/1933,1935,
290,11/12/1933,1936,
291,1/1/1934,1938,
292,1/1/1934,1938,
293,4/22/1934,1938,
294,10/29/1934,1938,
295,,1936,
296,10/29/1934,1936,
297,,1936,
298,1/1/1935,1936,
299,3/24/1935,1939,
300,1/1/1935,1939,
301,1/1/1935,1939,
302,3/24/1935,1939,
303,3/24/1935,1937,
304,,1937,
305,1/1/1935,1938,
306,11/17/1935,1936,
307,1/1/1936,1939,
308,1/1/1936,1940,
309,1/1/1936,1938,
310,11/8/1936,1938,
311,11/8/1936,1937,
312,11/8/1936,1935,
313,11/8/1936,1938,
314,11/8/1936,1937,
315,,1939,
316,3/14/1937,1939,
317,3/14/1937,1940,
318,1/1/1937,1940,
319,1/1/1937,1941,
320,3/14/1937,1934,
321,5/16/1937,1939,
322,,1938,
323,1/1/1937,1937,
324,,1939,
325,5/16/1937,1938,
326,1/1/1937,1940,
327,1/9/1938,1939,
328,1/9/1938,1941,
329,1/1/1938,1939,
330,3/13/1938,1938,
331,3/13/1938,1942,
332,1/1/1938,1941,
333,1/1/1938,1942,
334,1/1/1938,1941,
335,3/13/1938,1941,
336,3/13/1938,1941,
337,1/1/1938,1942,
338,3/13/1938,1941,
339,,1941,
340,12/12/1938,1942,TRUE
341,1/1/1938,1941,
342,3/5/1939,1943,
343,3/5/1939,1942,
344,3/5/1939,1940,
345,1/1/1939,1942,
346,3/5/1939,1943,
347,3/5/1939,1941,
348,1/1/1939,1940,
349,3/5/1939,1942,
350,1/1/1939,1941,
351,1/1/1939,1940,
352,3/10/1940,1943,
353,,1943,
354,1/1/1940,1944,
355,1/1/1940,1943,
356,1/1/1940,1942,
357,1/1/1940,1942,
358,1/1/1940,1944,
359,,1944,
360,1/1/1941,1945,
361,2/23/1941,1944,
362,1/1/1941,1943,
363,1/1/1941,1942,
364,1/1/1941,1944,
365,2/23/1941,1926,
366,1/1/1925,1929,
367,9/27/1925,1929,
368,9/27/1925,1929,
369,9/26/1925,1929,
370,9/26/1925,1929,
371,9/26/1925,1926,
372,12/19/1922,1926,
373,9/26/1925,1929,
374,11/13/1925,1929,
375,11/13/1925,1929,
376,9/26/1925,1929,
377,1/1/1925,1929,
378,9/26/1925,1929,
379,9/26/1925,1929,
380,9/26/1925,1929,
381,9/26/1925,1929,
382,1/1/1925,1929,
383,9/26/1925,1929,
384,9/26/1925,1929,
385,2/27/1926,1930,
386,11/13/1925,1929,
387,11/13/1925,1929,
388,11/13/1925,1929,
389,1/1/1925,1929,
390,9/26/1925,1929,
391,11/13/1925,1929,
392,11/13/1925,1924,
393,1/1/1926,1930,
394,2/27/1926,1930,
395,2/27/1926,1927,
396,11/13/1925,1929,
397,11/13/1925,1929,
398,11/13/1925,1929,
399,9/26/1925,1929,
400,9/26/1925,1926,
401,9/26/1925,1929,
402,9/26/1925,1929,
403,9/26/1925,1929,
404,9/26/1925,1929,
405,9/26/1925,1929,
406,1/1/1925,1929,
407,11/13/1925,1929,
408,11/13/1925,1929,
409,9/26/1925,1929,
410,11/13/1925,1929,
411,,1944,
412,11/13/1925,1929,
413,2/27/1926,1930,
414,2/27/1926,1930,
415,5/12/1928,1932,
416,5/12/1928,1932,
417,,1944,
418,1/1/1928,1932,
419,1/1/1928,1928,
420,,1932,
421,1/1/1925,1929,
422,9/26/1925,1929,
423,1/1/1925,1929,
424,9/26/1925,1929,
425,12/17/1926,1930,
426,1/1/1927,1931,
427,3/19/1927,1931,
428,3/19/1927,1931,
429,3/19/1927,1931,
430,3/19/1927,1928,
431,3/19/1927,1931,
432,3/19/1927,1931,
433,5/28/1927,1931,
434,,1944,
435,1/1/1927,1931,
436,1/1/1927,1931,
437,,1944,
438,12/10/1927,1931,
439,12/10/1927,1930,
440,12/10/1927,1931,
441,1/1/1927,1930,
442,1/1/1927,1931,
443,,1944,
444,10/27/1928,1932,
445,10/27/1928,1932,
446,1/1/1928,1932,
447,1/1/1928,1932,
448,10/27/1928,1932,
449,,1944,
450,3/2/1929,1933,
451,1/1/1929,1933,
452,1/1/1929,1933,
453,3/2/1929,1933,
454,3/2/1929,1933,
455,1/1/1929,1929,
456,1/1/1929,1930,
457,3/2/1929,1933,
458,3/2/1929,1933,
459,12/6/1930,1934,
460,1/1/1930,1932,
461,12/6/1930,1934,
462,1/1/1930,1934,
463,10/5/1930,1934,
464,10/5/1930,1934,
465,10/4/1930,1934,
466,10/4/1930,1934,
467,1/1/1930,1932,
468,10/4/1930,1934,
469,10/5/1930,1932,
470,1/1/1930,1934,
471,6/2/1930,1934,
472,12/12/1931,1935,
473,1/1/1931,1933,
474,12/12/1927,1931,
475,2/23/1941,1945,
476,1/1/1941,1944,
477,1/1/1941,1941,
478,2/23/1941,1943,
479,1/1/1941,1945,
480,1/1/1941,1942,
481,1/1/1941,1942,
482,1/1/1942,1946,
483,1/1/1942,1945,
484,3/1/1942,1945,
485,3/1/1942,1944,
486,1/1/1942,1945,
487,3/1/1942,1942,
488,1/1/1942,1944,
489,1/1/1942,1946,
490,1/1/1942,1943,
491,1/1/1942,1944,
492,1/1/1942,1941,
493,1/1/1942,1945,
494,1/1/1943,1950,
495,1/1/1943,1946,
496,1/1/1943,1943,
497,1/10/1943,1944,
498,1/10/1943,1944,
499,1/10/1943,1946,TRUE
500,1/1/1943,1944,
501,1/10/1943,1945,
502,10/12/1943,1944,
503,1/1/1943,1948,
504,1/1/1943,1946,
506,,1949,
507,9/17/1944,1946,
508,1/1/1944,1948,
509,9/17/1944,1944,
510,1/1/1944,1948,
511,2/10/1945,1945,
512,2/10/1945,1947,
513,2/10/1945,1947,
514,,1946,
515,,1948,
516,1/1/1945,1948,
517,,1946,
518,1/1/1945,1949,TRUE
519,,1950,
520,1/1/1945,1947,
521,1/1/1945,1949,
522,2/9/1946,1948,
523,1/1/1946,1948,
524,1/1/1946,1948,
525,1/1/1946,1948,
526,3/9/1946,1948,
527,1/1/1946,1948,
528,3/9/1946,1947,
529,6/8/1946,1948,
530,1/1/1946,1945,
531,1/1/1946,1947,
532,1/1/1946,1946,
533,1/1/1946,1945,
534,1/1/1946,1946,
535,1/1/1946,1950,
536,1/1/1946,1949,
537,,1945,
538,1/1/1946,1950,
539,11/17/1946,1947,
540,3/2/1947,1951,
541,1/1/1947,1948,
542,3/2/1947,1949,
543,1/1/1947,1950,
544,3/2/1947,1950,
545,1/1/1947,1950,
546,1/1/1947,1951,
547,1/1/1947,1946,
548,1/1/1947,1949,
549,1/1/1947,1949,
550,,1947,
551,1/1/1947,1949,
552,,1949,
553,1/1/1947,1948,
554,,1949,
555,3/2/1947,1951,
556,3/2/1947,1949,
557,1/1/1947,1950,
558,,1950,TRUE
559,1/1/1947,1949,
560,1/1/1947,1948,
561,10/4/1947,1948,
562,,1949,
563,,1947,
564,1/1/1947,1949,
565,1/1/1947,1949,
566,10/4/1947,1950,
567,10/4/1947,1949,
568,1/1/1947,1950,
569,1/1/1947,1947,
570,1/1/1947,1950,
571,,1949,
572,1/1/1947,1949,
573,1/1/1947,1948,
574,1/1/1947,1947,
575,1/1/1948,1949,
576,,1949,
577,,1950,
578,6/3/1948,1951,
579,1/1/1948,1950,
580,1/1/1948,1951,
581,6/3/1948,1951,
582,,1950,
583,1/1/1948,1949,
584,1/1/1948,1950,
585,1/1/1949,1950,
586,10/17/1949,1953,TRUE
587,1/1/1949,1952,
588,10/17/1949,1950,
589,1/1/1949,1951,
590,1/1/1949,1951,
591,10/17/1949,1952,
592,1/1/1949,1949,
593,1/1/1949,1950,
594,1/1/1949,1951,
595,10/17/1949,1953,
596,1/1/1949,1952,
597,1/1/1949,1950,
598,1/1/1949,1952,
599,1/1/1949,1950,
600,,1951,
601,1/1/1949,1950,
602,1/1/1949,1952,
603,1/1/1949,1950,
604,1/1/1949,1953,
605,1/1/1949,1952,
606,1/1/1949,1951,
607,10/1/1949,1953,TRUE
608,,1952,
609,1/1/1949,1951,
610,1/1/1950,1949,
611,1/1/1950,1951,
612,3/18/1950,1954,
613,,1953,
614,1/1/1950,1950,
615,3/19/1950,1951,
616,1/1/1950,1951,
617,1/1/1950,1955,
618,1/1/1950,1952,
619,1/1/1950,1953,
620,,1952,
621,1/1/1950,1951,
622,1/1/1950,1952,
623,1/1/1950,1954,
624,,1955,
625,1/1/1950,1954,
626,1/1/1950,1953,
627,,1952,
628,10/14/1950,1953,
629,10/14/1950,1952,
630,1/1/1950,1954,
631,,1955,
632,,1953,
633,1/1/1950,1952,
634,1/1/1950,1953,
635,1/1/1950,1950,
636,1/1/1950,1954,
637,1/1/1950,1952,
638,1/1/1951,1955,
639,3/10/1951,1955,
640,1/1/1951,1953,
641,,1954,
642,1/1/1951,1955,
643,1/1/1951,1955,
644,1/1/1951,1951,
645,1/1/1951,1953,
646,3/10/1951,1954,
647,1/1/1951,1953,
648,1/1/1951,1953,
649,1/1/1951,1952,
650,1/1/1951,1952,
651,3/10/1951,1955,TRUE
652,,1952,
653,1/1/1951,1955,
654,1/1/1951,1955,
655,1/1/1951,1952,
656,1/1/1951,1954,
657,1/1/1951,1957,
658,6/19/1951,1955,
659,1/1/1951,1954,
660,1/1/1951,1954,
661,6/19/1951,1953,
662,1/1/1951,1953,
663,1/1/1951,1952,
664,1/1/1952,1955,
665,,1956,
666,,1954,
667,1/1/1952,1956,
668,9/20/1952,1954,
669,1/1/1952,1954,
670,,1954,
671,1/1/1952,1955,
672,1/1/1952,1954,
673,1/1/1952,1954,
674,1/1/1952,1954,
675,1/1/1952,1956,
676,1/1/1952,1955,
677,1/1/1952,1956,
678,1/1/1953,1953,
679,1/1/1953,1956,
680,1/1/1953,1955,
681,1/1/1953,1954,
682,1/1/1953,1955,
683,1/1/1953,1956,
684,1/1/1953,1953,
685,1/1/1953,1956,
686,,1955,
687,1/1/1953,1957,
688,1/1/1953,1956,
689,1/1/1953,1955,
690,9/19/1953,1957,TRUE
691,1/1/1953,1955,
692,9/19/1953,1956,
693,1/1/1953,1956,
694,2/13/1954,1955,
695,2/13/1954,1957,
696,2/13/1954,1957,TRUE
697,2/13/1954,1955,
698,2/13/1954,1957,
699,2/13/1954,1957,
700,2/13/1954,1957,
701,2/13/1954,1933,
702,2/13/1954,1938,
703,4/14/1954,1958,
704,9/18/1954,1958,TRUE
705,1/1/1954,1957,
706,,1958,
707,1/1/1954,1956,
708,,1958,
709,1/1/1954,1957,
710,1/1/1954,1957,
711,,1958,
712,1/1/1954,1957,
713,1/1/1954,1956,
714,1/1/1954,1956,
715,1/1/1954,1957,
716,1/1/1954,1956,
717,,1956,
718,1/1/1954,1958,
719,1/1/1954,1956,
720,1/1/1954,1956,
721,1/1/1954,1956,
722,2/12/1955,1956,
723,2/12/1955,1957,
724,2/12/1955,1956,
725,2/12/1955,1957,
726,2/12/1955,1958,
727,2/12/1955,1959,
728,2/12/1955,1958,
729,2/12/1955,1956,
730,2/12/1955,1957,
731,2/12/1955,1956,
732,2/12/1955,1958,
733,2/12/1955,1955,
734,2/12/1955,1958,
735,1/1/1955,1958,
736,,1958,
737,1/1/1955,1957,
738,10/1/1955,1957,
739,1/1/1955,1958,
740,,1957,
741,1/1/1955,1958,
742,1/1/1955,1958,
743,10/1/1955,1957,
744,1/1/1955,1959,
745,1/1/1955,1958,
746,1/1/1955,1957,
747,,1957,
748,1/1/1956,1959,
749,1/1/1956,1956,
750,1/1/1956,1957,
751,1/1/1956,1960,
752,,1958,
753,,1958,
754,1/1/1956,1960,
755,,1959,
756,1/1/1956,1960,
757,,1958,
758,1/1/1956,1956,
759,1/1/1956,1958,
760,1/1/1956,1958,
761,1/1/1956,1959,
762,9/22/1956,1960,
763,1/1/1956,1959,
764,9/22/1956,1958,
765,1/1/1956,1959,
766,9/22/1956,1958,
767,1/1/1956,1960,
768,,1960,
769,1/1/1956,1960,
770,1/1/1956,1958,
771,1/1/1956,1959,
772,1/1/1956,1958,
773,9/22/1956,1958,
774,1/1/1957,1960,
775,2/16/1957,1961,TRUE
776,,1957,
777,1/1/1957,1959,
778,1/1/1957,1961,
779,2/16/1957,1960,
780,2/16/1957,1959,
781,1/1/1957,1959,
782,1/1/1957,1961,
783,1/1/1957,1959,
784,,1959,
785,,1960,
786,1/1/1957,1958,
787,9/21/1957,1960,
788,9/21/1957,1959,
789,,1959,
790,1/1/1957,1959,
791,,1961,
792,1/1/1957,1959,
793,,1958,
794,1/1/1957,1961,
795,1/1/1957,1961,
796,1/1/1957,1959,
797,9/21/1957,1959,
798,,1961,
799,1/1/1958,1957,
800,2/14/1958,1959,
801,,1961,
802,1/1/1958,1962,
803,1/1/1958,1961,
804,1/1/1958,1960,
805,1/1/1958,1959,
806,,1961,
807,,1960,
808,2/14/1958,1960,
809,2/14/1958,1962,
810,,1961,
811,9/30/1958,1960,
812,9/30/1958,1960,
813,9/30/1958,1960,
814,9/30/1958,1962,
815,9/30/1958,1961,
816,9/30/1958,1961,
817,9/30/1958,1960,
818,,1959,
819,,1961,
820,2/14/1959,1961,
821,1/1/1959,1961,
822,,1963,
823,1/1/1959,1963,
824,1/1/1959,1960,
825,1/1/1959,1960,
826,1/1/1959,1961,
827,1/1/1959,1961,
828,9/26/1959,1963,TRUE
829,1/1/1959,1962,
830,1/1/1959,1962,
831,1/1/1959,1962,
832,1/1/1959,1962,
833,1/1/1959,1960,
834,1/1/1959,1961,
835,2/13/1960,1961,
836,1/1/1960,1963,
837,2/13/1960,1964,TRUE
838,1/1/1960,1962,
839,2/13/1960,1961,
840,1/1/1960,1962,
841,,1962,
842,2/13/1960,1963,
843,1/1/1960,1963,
844,2/13/1960,1964,TRUE
845,1/1/1960,1962,
846,1/1/1960,1964,TRUE
847,1/1/1960,1964,TRUE
848,1/1/1960,1964,TRUE
849,2/13/1960,1963,
850,1/1/1960,1961,
851,1/1/1960,1962,
852,1/1/1960,1963,
853,1/1/1960,1964,
854,1/1/1960,1962,
855,,1963,
856,1/1/1960,1961,
857,9/25/1960,1964,
858,1/1/1960,1963,
859,9/25/1960,1963,
860,1/1/1960,1962,
861,1/1/1960,1961,
862,,1963,
863,1/1/1961,1963,
864,1/1/1961,1961,
865,1/1/1961,1962,
866,,1964,
867,1/1/1961,1964,
868,1/1/1961,1964,
869,1/1/1961,1963,
870,,1962,
871,1/1/1961,1962,
872,1/1/1961,1966,
873,,1962,
874,1/1/1961,1963,
875,1/1/1961,1963,
876,1/1/1961,1963,
877,1/1/1961,1963,
878,1/1/1961,1964,
879,9/24/1961,1964,
880,1/1/1961,1964,
881,1/1/1961,1963,
882,1/1/1961,1964,
883,,1963,
884,1/1/1961,1964,
885,1/1/1961,1965,
886,9/24/1961,1964,
887,1/1/1961,1964,
888,,1966,
889,9/24/1961,1964,
890,9/24/1961,1965,
891,,1963,
892,1/1/1961,1963,
893,1/1/1962,1966,
894,2/18/1962,1963,
895,2/18/1962,1966,
896,,1963,
897,1/1/1962,1963,
898,1/1/1962,1966,
899,1/1/1962,1965,
900,,1964,
901,1/1/1962,1963,
902,1/1/1962,1966,
903,1/1/1962,1965,
904,1/1/1962,1966,
905,1/1/1962,1964,
906,1/1/1962,1965,
907,,1965,
908,,1965,
909,1/1/1962,1964,
910,1/1/1962,1964,
911,1/1/1962,1966,TRUE
912,1/1/1962,1965,
913,1/1/1962,1965,
914,9/23/1962,1966,TRUE
915,1/1/1962,1965,
916,2/9/1963,1963,
917,,1965,
918,1/1/1963,1965,
919,1/1/1963,1965,
920,2/9/1963,1966,
921,1/1/1963,1963,
922,2/9/1963,1966,
923,2/9/1963,1964,
924,1/1/1963,1965,
925,2/9/1963,1965,
926,,1964,
927,1/1/1963,1965,
928,,1965,
929,2/9/1963,1967,
930,9/6/1963,1965,
931,,1964,
932,1/1/1963,1967,
933,1/1/1963,1966,
934,,1966,
935,1/1/1963,1967,
936,1/1/1963,1966,
937,1/1/1963,1966,
938,1/1/1963,1965,
939,9/6/1963,1967,
940,9/6/1963,1966,
941,9/6/1963,1966,
942,,1966,
943,1/1/1964,1966,
944,,1964,
945,1/1/1964,1968,
946,1/1/1964,1968,
947,1/19/1964,1968,TRUE
948,1/19/1964,1966,
949,1/1/1964,1968,
950,,1964,
951,1/1/1964,1966,
952,1/1/1964,1966,
953,1/1/1964,1965,
954,1/1/1964,1965,
955,1/1/1964,1967,
956,1/1/1964,1968,
957,1/1/1964,1965,
958,,1967,
959,9/11/1964,1967,
960,1/1/1964,1966,
961,1/1/1964,1966,
962,,1965,
963,1/1/1964,1968,
964,1/1/1964,1966,
965,1/1/1964,1966,
966,1/1/1964,1965,
967,1/1/1964,1967,
968,1/1/1964,1967,
969,1/1/1964,1966,
970,1/1/1964,1967,
971,1/1/1964,1967,
972,1/1/1964,1966,
973,1/1/1964,1967,
974,1/1/1965,1965,
975,1/15/1965,1967,
976,1/15/1965,1967,
977,1/1/1965,1967,
978,,1967,
979,,1968,
980,,1968,
981,,1968,
982,,1968,
983,,1968,
984,,1968,
985,,1967,
986,,1968,
987,,1968,
988,,1969,
989,,1967,
990,,1969,
991,,1969,
992,,1969,
993,1/1/1965,1968,
994,1/1/1965,1969,
995,1/1/1965,1967,
996,1/1/1965,1967,
997,9/11/1965,1966,
998,9/11/1965,1969,
999,1/1/1965,1969,
1000,1/1/1965,1967,
1001,1/1/1966,1970,
1002,1/1/1966,1968,
1003,1/1/1966,1967,
1004,1/1/1966,1970,
1005,1/1/1966,1968,
1006,1/1/1966,1967,
1007,1/14/1966,1970,TRUE
1008,1/14/1966,1968,
1009,1/1/1966,1968,
1010,1/14/1966,1969,
1011,1/1/1966,1969,
1012,1/1/1966,1966,
1013,9/9/1966,1970,TRUE
1014,,1968,
1015,,1969,
1016,9/9/1966,1968,
1017,1/1/1966,1970,
1018,,1968,
1019,1/1/1966,1968,
1020,1/1/1966,1969,
1021,1/1/1966,1968,
1022,9/9/1966,1968,
1023,1/1/1966,1968,
1024,1/1/1966,1968,
1025,1/1/1966,1968,
1026,1/1/1966,1969,
1027,1/1/1966,1970,
1028,1/1/1966,1968,
1029,,1969,
1030,1/1/1966,1969,
1031,1/1/1966,1969,
1032,,1969,
1033,9/9/1966,1970,TRUE
1034,,1967,
1035,1/1/1967,1969,
1036,1/1/1967,1969,
1037,1/1/1967,1971,
1038,1/1/1967,1969,
1039,1/1/1967,1969,
1040,1/1/1967,1970,
1041,1/1/1967,1969,
1042,1/1/1967,1969,
1043,1/1/1967,1968,
1044,1/14/1967,1970,
1045,,1971,
1046,,1970,
1047,,1970,
1048,1/1/1967,1969,
1049,1/14/1967,1968,
1050,9/8/1967,1971,
1051,9/8/1967,1969,
1052,1/1/1967,1969,
1053,9/8/1967,1971,TRUE
1054,1/1/1967,1970,
1055,1/1/1967,1969,
1056,1/1/1967,1971,
1057,1/1/1967,1969,
1058,1/1/1967,1969,
1059,9/8/1967,1969,
1060,1/1/1967,1970,
1061,,1970,
1062,1/1/1967,1970,
1063,1/1/1967,1967,
1064,1/26/1968,1969,
1065,1/1/1968,1968,
1066,1/1/1968,1970,
1067,1/1/1968,1971,
1068,1/1/1968,1971,
1069,1/1/1968,1972,TRUE
1070,,1970,
1071,1/1/1968,1971,
1072,9/6/1968,1972,TRUE
1073,,1970,
1074,,1971,
1075,1/1/1968,1972,
1076,1/1/1968,1970,
1077,,1971,
1078,1/1/1968,1972,
1079,1/1/1968,1972,
1080,9/6/1968,1972,
1081,1/1/1968,1972,
1082,1/1/1968,1972,
1083,1/1/1968,1971,
1084,1/1/1968,1972,
1085,1/1/1968,1970,
1086,,1970,
1087,1/1/1968,1968,
1088,1/1/1968,1970,
1089,1/1/1969,1970,
1090,1/10/1969,1970,
1091,1/1/1969,1973,
1092,,1969,
1093,1/1/1969,1970,
1094,1/1/1969,1973,
1095,1/10/1969,1973,TRUE
1096,1/10/1969,1973,TRUE
1097,1/10/1969,1973,TRUE
1098,1/10/1969,1973,TRUE
1099,1/10/1969,1973,TRUE
1100,1/1/1969,1973,
1101,1/10/1969,1972,
1102,1/1/1969,1971,
1103,1/10/1969,1971,
1104,1/1/1969,1973,
1105,1/1/1969,1971,
1106,1/1/1969,1973,
1107,10/12/1969,1971,
1108,1/1/1969,1971,
1109,1/1/1969,1973,
1110,1/1/1969,1973,
1111,1/1/1969,1971,
1112,10/12/1969,1973,
1113,10/12/1969,1973,TRUE
1114,10/12/1969,1973,TRUE
1115,,1971,
1116,,1972,
1117,,1972,
1118,10/12/1969,1973,TRUE
1119,10/12/1969,1973,TRUE
1120,10/12/1969,1973,TRUE
1121,1/1/1969,1971,
1122,,1971,
1123,10/12/1969,1972,
1124,10/12/1969,1973,TRUE
1125,10/12/1969,1973,TRUE
1126,1/1/1969,1971,
1127,,1972,
1128,10/12/1969,1973,TRUE
1129,1/1/1970,1971,
1130,2/15/1970,1974,TRUE
1131,2/15/1970,1974,TRUE
1132,2/15/1970,1974,TRUE
1133,2/15/1970,1974,TRUE
1134,2/15/1970,1974,TRUE
1135,2/15/1970,1974,TRUE
1136,,1972,
1137,2/15/1970,1974,TRUE
1138,,1973,
1139,1/1/1970,1973,
1140,1/1/1970,1973,
1141,1/1/1970,1973,
1142,1/1/1970,1973,
1143,9/20/1970,1974,TRUE
1144,9/20/1970,1974,TRUE
1145,1/1/1970,1972,
1146,,1973,
1147,9/20/1970,1974,TRUE
1148,,1973,
1149,9/20/1970,1974,TRUE
1150,9/20/1970,1974,TRUE
1151,9/20/1970,1974,TRUE
1152,1/1/1971,1976,
1153,2/14/1971,1975,
1154,2/14/1971,1975,
1155,2/14/1971,1974,
1156,2/14/1971,1974,
1157,1/1/1971,1971,
1158,,1972,
1159,1/1/1971,1972,
1160,2/14/1971,1975,
1161,,1974,
1162,11/17/1971,1975,TRUE
1163,1/1/1971,1974,
1164,1/1/1971,1973,
1165,1/1/1971,1973,
1166,11/17/1971,1974,
1167,1/1/1971,1972,
1168,1/1/1971,1973,
1169,1/1/1971,1973,
1170,1/1/1971,1973,
1171,,1971,
1172,1/1/1971,1975,
1173,1/1/1971,1973,
1174,11/17/1971,1975,TRUE
1175,11/17/1971,1975,TRUE
1176,11/17/1971,1973,
1177,1/1/1971,1973,
1178,,1973,
1179,1/1/1971,1974,
1180,11/17/1971,1974,
1181,1/1/1972,1974,
1182,1/1/1972,1976,
1183,1/1/1972,1975,
1184,1/1/1972,1972,
1185,11/12/1972,1974,
1186,1/1/1972,1976,
1187,1/1/1972,1975,
1188,1/1/1972,1973,
1189,,1975,
1190,1/1/1972,1976,
1191,11/12/1972,1976,TRUE
1192,1/1/1972,1974,
1193,1/1/1972,1972,
1194,11/12/1972,1976,TRUE
1195,1/1/1972,1975,
1196,1/1/1973,1975,
1197,1/1/1973,1977,
1198,1/1/1973,1973,
1199,,1975,
1200,1/1/1973,1976,
1201,1/1/1973,1973,
1202,9/14/1973,1973,
1203,9/14/1973,1977,
1204,1/1/1973,1977,
1205,1/1/1973,1975,
1206,1/1/1973,1975,
1207,1/1/1973,1977,
1208,,1975,
1209,1/1/1973,1975,
1210,1/1/1973,1977,
1211,8/23/1973,1977,
1212,1/1/1973,1976,
1213,,1974,
1214,,1974,
1215,,1973,
1216,1/1/1973,1976,
1217,9/14/1973,1974,
1218,1/1/1973,1975,
1219,9/14/1973,1976,
1220,9/14/1973,1975,
1221,12/7/1973,1976,
1222,1/1/1973,1977,
1223,12/7/1973,1976,
1224,12/7/1973,1977,
1225,1/1/1973,1976,
1226,12/7/1973,1977,TRUE
1227,,1976,
1228,1/1/1973,1976,
1229,,1975,
1230,1/1/1973,1976,
1231,1/1/1974,1978,
1232,1/1/1974,1978,
1233,3/17/1974,1978,TRUE
1234,1/1/1974,1978,
1235,1/1/1974,1977,
1236,1/1/1974,1976,
1237,1/1/1974,1977,
1238,1/1/1974,1976,
1239,1/1/1974,1976,
1240,3/17/1974,1978,
1241,3/17/1974,1975,
1242,,1975,
1243,1/1/1974,1975,
1244,3/17/1974,1978,TRUE
1245,1/1/1974,1976,
1246,,1974,
1247,1/11/1975,1979,TRUE
1248,1/1/1975,1979,
1249,1/1/1975,1976,
1250,1/11/1975,1979,
1251,1/1/1975,1976,
1252,1/11/1975,1976,
1253,1/11/1975,1978,
1254,1/1/1975,1979,
1255,1/1/1975,1976,
1256,4/23/1975,1979,
1257,1/1/1975,1978,
1258,1/1/1975,1978,
1259,1/1/1975,1979,
1260,1/1/1975,1976,
1261,1/1/1975,1979,
1262,1/1/1975,1975,
1263,1/1/1975,1979,
1264,1/1/1975,1977,
1265,1/1/1975,1977,
1266,,1976,
1267,1/1/1975,1977,
1268,,1978,
1269,1/1/1975,1977,
1270,1/1/1975,1977,
1271,1/1/1975,1974,
1272,4/23/1975,1979,TRUE
1273,4/23/1975,1979,TRUE
1274,1/1/1975,1977,
1275,4/23/1975,1979,TRUE
1276,1/1/1976,1979,
1277,1/1/1976,1979,
1278,1/9/1976,1978,
1279,1/9/1976,1979,
1280,1/9/1976,1980,
1281,1/9/1976,1980,
1282,,1976,
1283,,1976,
1284,1/1/1976,1980,
1285,1/1/1976,1978,
1286,,1978,
1287,1/1/1976,1979,
1288,1/1/1976,1980,
1289,1/1/1976,1977,
1290,3/26/1976,1979,
1291,,1977,
1292,3/26/1976,1979,
1293,3/26/1976,1979,
1294,1/1/1976,1980,
1295,,1979,
1296,,1979,
1297,1/1/1976,1980,
1298,3/26/1976,1980,
1299,3/26/1976,1978,
1300,,1976,
1301,,1979,
1302,1/1/1976,1978,
1303,1/1/1976,1977,
1304,1/1/1976,1977,
1305,1/1/1976,1980,
1306,,1979,
1307,1/21/1977,1978,
1308,1/21/1977,1979,
1309,1/1/1977,1979,
1310,,1979,
1311,,1979,
1312,1/1/1977,1980,
1313,1/1/1977,1976,
1314,1/1/1977,1979,
1315,1/21/1977,1978,
1316,1/1/1977,1980,
1317,1/1/1977,1980,
1318,1/1/1977,1981,
1319,1/1/1977,1978,
1320,1/1/1977,1977,
1321,1/1/1977,1979,
1322,1/1/1977,1978,
1323,1/1/1977,1978,
1324,1/1/1977,1977,
1325,4/15/1977,1981,TRUE
1326,1/1/1977,1979,
1327,1/1/1977,1977,
1328,,1980,
1329,1/1/1977,1981,
1330,1/1/1977,1978,
1331,4/15/1977,1978,
1332,4/15/1977,1981,TRUE
1333,1/1/1977,1979,
1334,4/15/1977,1979,
1335,1/1/1977,1981,
1336,,1980,
1337,,1979,
1338,1/1/1977,1978,
1339,1/1/1977,1977,
1340,1/1/1977,1980,
1341,1/1/1977,1977,
1342,,1980,
1343,,1977,
1344,,1980,
1345,,1980,
1346,1/1/1977,1980,
1347,1/1/1977,1979,
1348,12/2/1977,1981,TRUE
1349,1/1/1977,1978,
1350,12/2/1977,1981,
1351,12/2/1977,1980,
1352,1/1/1977,1979,
1353,1/1/1977,1978,
1354,1/1/1977,1979,
1355,4/8/1978,1977,
1356,1/1/1978,1980,
1357,1/1/1978,1982,
1358,1/1/1978,1980,
1359,1/1/1978,1980,
1360,1/1/1978,1981,
1361,,1981,
1362,1/1/1978,1980,
1363,,1979,
1364,,1980,
1365,1/1/1978,1981,
1366,1/1/1978,1980,
1367,4/8/1978,1981,
1368,1/1/1978,1979,
1369,1/1/1978,1980,
1370,1/1/1978,1981,
1371,1/1/1978,1981,
1372,1/1/1978,1979,
1373,1/1/1978,1980,
1374,1/1/1978,1980,
1375,1/1/1978,1979,
1376,1/1/1978,1982,
1377,1/1/1978,1982,
1378,1/1/1978,1982,
1379,1/1/1978,1981,
1380,,1982,
1381,1/1/1978,1982,
1382,12/1/1978,1981,
1383,,1979,
1384,1/1/1978,1982,
1385,,1980,
1386,1/1/1978,1980,
1387,1/1/1978,1980,
1388,1/1/1978,1982,
1389,1/1/1978,1981,
1390,12/1/1978,1982,
1391,1/1/1978,1980,
1392,1/1/1978,1982,
1393,1/1/1978,1981,
1394,1/1/1978,1981,
1395,12/1/1978,1979,
1396,12/1/1978,1982,TRUE
1397,1/1/1978,1981,
1398,1/1/1979,1981,
1399,3/30/1979,1981,
1400,1/1/1979,1980,
1401,3/30/1979,1983,
1402,1/1/1979,1982,
1403,1/1/1979,1980,
1404,3/30/1979,1981,
1405,1/1/1979,1979,
1406,3/30/1979,1981,
1407,1/1/1979,1980,
1408,1/1/1979,1982,
1409,1/1/1979,1980,
1410,,1981,
1411,1/1/1979,1981,
1412,1/1/1979,1983,
1413,,1980,
1414,1/1/1979,1983,
1415,1/1/1979,1981,
1416,1/1/1979,1983,
1417,,1982,
1418,1/1/1979,1981,
1419,1/1/1979,1983,
1420,1/1/1979,1982,
1421,,1982,
1422,11/30/1979,1982,
1423,11/30/1979,1983,
1424,1/1/1979,1981,
1425,1/1/1979,1981,
1426,1/1/1979,1981,
1427,1/1/1979,1980,
1428,1/1/1979,1983,
1429,,1982,
1430,11/30/1979,1982,
1431,1/1/1979,1981,
1432,11/30/1979,1983,
1433,4/4/1980,1984,TRUE
1434,1/1/1980,1980,
1435,4/4/1980,1982,
1436,1/1/1980,1982,
1437,1/1/1980,1983,
1438,1/1/1980,1984,
1439,1/1/1980,1984,
1440,4/4/1980,1984,TRUE
1441,4/4/1980,1984,TRUE
1442,1/1/1980,1984,
1443,1/1/1980,1983,
1444,4/4/1980,1982,
1445,,1984,
1446,1/1/1980,1984,TRUE
1447,4/4/1980,1984,TRUE
1448,1/1/1980,1984,TRUE
1449,1/1/1980,1984,TRUE
1450,1/1/1980,1984,TRUE
1451,11/21/1980,1984,TRUE
1452,11/21/1980,1984,TRUE
1453,1/1/1980,1984,TRUE
1454,1/1/1980,1984,
1455,1/1/1980,1984,
1456,1/1/1980,1983,
1457,1/1/1980,1984,
1458,1/1/1980,1984,
1459,1/1/1980,1981,
1460,11/21/1980,1984,TRUE
1461,11/21/1980,1983,
1462,1/1/1980,1983,
1463,1/1/1981,1985,
1464,4/3/1981,1983,
1465,4/3/1981,1983,
1466,,1983,
1467,1/1/1981,1984,
1468,4/3/1981,1983,
1469,1/1/1981,1985,
1470,1/1/1981,1983,
1471,1/1/1981,1983,
1472,1/1/1981,1983,
1473,4/3/1981,1985,
1474,1/1/1981,1985,
1475,1/1/1981,1985,
1476,1/1/1981,1985,
1477,1/1/1981,1983,
1478,1/1/1981,1984,
1479,1/1/1981,1984,
1480,1/1/1981,1983,
1481,,1984,
1482,1/1/1981,1983,
1483,1/1/1981,1985,
1484,1/1/1981,1985,
1485,1/1/1981,1985,
1486,,1985,
1487,1/1/1981,1983,
1488,1/1/1981,1985,
1489,1/1/1981,1983,
1490,1/1/1981,1984,
1491,1/1/1981,1985,
1492,,1985,
1493,1/1/1981,1985,
1494,1/1/1981,1984,
1495,1/1/1981,1985,
1496,1/1/1982,1986,
1497,,1984,
1498,1/1/1982,1983,
1499,4/17/1982,1983,
1500,1/1/1982,1986,
1501,1/1/1982,1983,
1502,,1982,
1503,1/1/1982,1983,
1504,1/1/1982,1986,
1505,1/1/1982,1984,
1506,1/1/1982,1983,
1507,1/1/1982,1985,
1508,1/1/1982,1985,
1509,1/1/1982,1984,
1510,1/1/1982,1986,
1511,1/1/1982,1983,
1512,1/1/1982,1984,
1513,,1985,
1514,1/1/1982,1986,
1515,12/3/1982,1986,
1516,1/1/1982,1985,
1517,,1985,
1518,1/1/1982,1984,
1519,1/1/1982,1984,
1520,1/1/1982,1985,
1521,12/3/1982,1986,
1522,,1986,
1523,1/1/1983,1982,
1524,1/1/1983,1985,
1525,,1986,
1526,1/1/1983,1985,
1527,,1986,
1528,1/1/1983,1983,
1529,1/1/1983,1985,
1530,1/1/1983,1985,
1531,1/1/1983,1987,
1532,1/1/1983,1984,
1533,,1986,
1534,1/1/1983,1985,
1535,,1984,
1536,1/1/1983,1987,
1537,1/1/1983,1986,
1538,1/1/1983,1985,
1539,1/1/1983,1985,
1540,1/1/1983,1985,
1541,,1986,
1542,1/1/1983,1986,
1543,12/4/1983,1987,
1544,12/4/1983,1984,
1545,1/1/1983,1987,
1546,1/1/1983,1986,
1547,1/1/1983,1986,
1548,1/1/1983,1987,
1549,1/1/1983,1987,
1550,1/1/1983,1987,
1551,12/4/1983,1987,
1552,,1985,
1553,1/1/1983,1985,
1554,,1985,
1555,1/1/1983,1985,
1556,4/14/1984,1988,
1557,1/1/1984,1985,
1558,1/1/1984,1988,
1559,1/1/1984,1986,
1560,1/1/1984,1988,
1561,1/1/1984,1985,
1562,1/1/1984,1988,
1563,1/1/1984,1985,
1564,1/1/1984,1987,
1565,4/14/1984,1987,
1566,1/1/1984,1986,
1567,,1987,
1568,1/1/1984,1988,
1569,1/1/1984,1986,
1570,1/1/1984,1985,
1571,1/1/1984,1986,
1572,1/1/1984,1987,
1573,,1984,
1574,1/1/1984,1987,
1575,1/1/1984,1987,
1576,1/1/1984,1985,
1577,1/1/1984,1987,
1578,1/1/1984,1987,
1579,1/1/1984,1988,
1580,12/7/1984,1986,
1581,1/1/1984,1986,
1582,1/1/1984,1987,
1583,12/7/1984,1985,
1584,1/1/1984,1988,
1585,1/1/1985,1987,
1586,1/1/1985,1989,
1587,,1988,
1588,1/1/1985,1989,
1589,1/1/1985,1989,
1590,,1988,
1591,1/1/1985,1988,
1592,1/1/1985,1987,
1593,,1987,
1594,1/1/1985,1989,
1595,1/1/1985,1989,
1596,1/1/1985,1988,
1597,1/1/1985,1988,
1598,1/1/1985,1987,
1599,1/1/1985,1987,
1600,4/5/1985,1989,
1601,1/1/1985,1988,
1602,1/1/1985,1987,
1603,1/1/1985,1989,
1604,,1987,
1605,12/13/1985,1989,
1606,1/1/1985,1987,
1607,,1988,
1608,1/1/1985,1989,
1609,,1989,
1610,1/1/1986,1990,
1611,1/1/1986,1989,
1612,1/1/1986,1990,
1613,1/1/1986,1990,
1614,,1987,
1615,4/18/1986,1989,
1616,1/1/1986,1988,
1617,1/1/1986,1989,
1618,1/1/1986,1988,
1619,1/1/1986,1988,
1620,4/18/1986,1989,
1621,1/1/1986,1990,
1622,1/1/1986,1990,
1623,1/1/1986,1990,
1624,1/1/1986,1990,
1625,4/18/1986,1990,
1626,,1989,
1627,1/1/1986,1988,
1628,1/1/1986,1988,
1629,1/1/1986,1990,
1630,1/1/1986,1990,
1631,1/1/1986,1988,
1632,,1990,
1633,1/1/1986,1988,
1634,1/1/1986,1990,
1635,1/1/1986,1990,
1636,1/1/1986,1989,
1637,1/1/1987,1990,
1638,1/1/1987,1989,
1639,1/1/1987,1987,
1640,1/1/1987,1989,
1641,1/1/1987,1991,
1642,,1988,
1643,,1989,
1644,1/1/1987,1987,
1645,1/1/1987,1990,
1646,1/1/1987,1990,
1647,3/28/1987,1989,
1648,1/1/1987,1989,
1649,1/1/1987,1989,
1650,1/1/1987,1989,
1651,1/1/1987,1989,
1652,1/1/1987,1988,
1653,1/1/1987,1991,
1654,,1991,
1655,12/5/1987,1991,
1656,12/5/1987,1991,TRUE
1657,,1990,
1658,1/1/1987,1991,
1659,1/1/1987,1989,
1660,1/1/1987,1989,
1661,1/1/1987,1991,
1662,12/5/1987,1992,
1663,,1990,
1664,1/1/1987,1989,
1665,1/1/1987,1989,
1666,1/1/1987,1990,
1667,12/5/1987,1991,
1668,1/1/1988,1989,
1669,3/26/1988,1991,
1670,3/26/1988,1991,
1671,3/26/1988,1991,
1672,1/1/1988,1990,
1673,1/1/1988,1989,
1674,,1992,
1675,1/1/1988,1992,
1676,1/1/1988,1992,
1677,3/26/1988,1991,
1678,3/26/1988,1992,
1679,,1989,
1680,1/15/1989,1992,
1681,,1993,
1682,1/15/1989,1992,
1683,1/15/1989,1991,
1684,1/15/1989,1993,
1685,1/15/1989,1993,
1686,1/15/1989,1992,
1687,1/15/1989,1992,
1688,1/15/1989,1993,
1689,1/15/1989,1992,
1690,1/15/1989,1993,
1691,1/15/1989,1993,
1692,1/15/1989,1992,
1693,1/15/1989,1993,
1694,1/15/1989,1991,
1695,4/15/1989,1993,
1696,4/15/1989,1990,
1697,4/15/1989,1991,
1698,4/15/1989,1992,
1699,4/15/1989,1991,
1700,4/15/1989,1992,
1701,4/15/1989,1993,
1702,12/2/1989,1993,
1703,12/2/1989,1993,
1704,12/2/1989,1993,
1705,12/2/1989,1993,
1706,12/2/1989,1993,
1707,12/2/1989,1993,
1708,12/2/1989,1991,
1709,12/2/1989,1993,
1710,12/2/1989,1993,
1711,12/2/1989,1992,
1712,12/2/1989,1993,
1713,,1993,
1714,12/2/1989,1993,
1715,4/22/1990,1992,
1716,4/22/1990,1994,
1717,4/22/1990,1993,
1718,4/22/1990,1993,
1719,4/22/1990,1994,
1720,4/22/1990,1993,
1721,4/22/1990,1994,
1722,,1994,
1723,4/22/1990,1994,
1724,12/8/1990,1994,
1725,12/8/1990,1994,
1726,12/8/1990,1994,TRUE
1727,12/8/1990,1994,
1728,12/8/1990,1994,TRUE
1729,12/8/1990,1994,TRUE
1730,12/8/1990,1993,
1731,12/8/1990,1994,
1732,12/8/1990,1993,
1733,4/20/1991,1995,
1734,4/20/1991,1995,
1735,,1993,
1736,4/20/1991,1995,
1737,4/20/1991,1995,TRUE
1738,4/20/1991,1995,TRUE
1739,4/20/1991,1995,TRUE
1740,1/19/1992,1996,TRUE
1741,1/19/1992,1996,
1742,1/19/1992,1995,
1743,1/19/1992,1995,
1744,1/19/1992,1996,TRUE
1745,1/19/1992,1996,TRUE
1746,1/19/1992,1996,TRUE
1747,1/19/1992,1996,TRUE
1748,1/19/1992,1994,
1749,1/19/1992,1994,
1750,1/19/1992,1994,
1751,1/19/1992,1996,TRUE
1752,1/19/1992,1996,TRUE
1753,4/17/1992,1996,TRUE
1754,4/17/1992,1995,
1755,4/17/1992,1996,TRUE
1756,4/17/1992,1996,TRUE
1757,4/17/1992,1996,TRUE
1758,4/17/1992,1995,
1759,4/17/1992,1995,
1760,4/17/1992,1995,
1761,1/15/1993,1997,TRUE
1762,1/15/1993,1997,TRUE
1763,1/15/1993,1996,
1764,1/15/1993,1997,TRUE
1765,1/15/1993,1995,
1766,1/15/1993,1997,TRUE
1767,1/15/1993,1997,TRUE
1768,1/15/1993,1997,TRUE
1769,1/15/1993,1996,
1770,4/28/1993,1997,TRUE
1771,4/28/1993,1996,
1772,4/28/1993,1997,TRUE
1773,4/28/1993,1997,TRUE
1774,4/28/1993,1997,TRUE
1775,4/28/1993,1997,TRUE
1776,4/28/1993,1997,TRUE
1777,4/28/1993,1997,TRUE
1778,12/3/1993,1997,TRUE
1779,12/3/1993,1997,TRUE
1780,12/3/1993,1997,TRUE
1781,12/3/1993,1997,TRUE
1782,12/3/1993,1997,TRUE
1783,4/18/1998,2000,
1784,4/18/1998,2001,
1785,4/18/1998,2002,
1786,4/18/1998,2002,TRUE
1787,4/18/1998,2002,TRUE
1788,4/18/1998,2001,
1789,4/18/1998,2000,
1790,4/18/1998,1999,
1791,4/18/1998,2002,TRUE
1792,4/18/1998,2002,TRUE
1793,4/18/1998,2000,
1794,12/5/1998,2000,
1795,12/5/1998,2002,TRUE
1796,12/5/1998,2000,
1797,12/5/1998,2001,
1798,12/5/1998,2002,TRUE
1799,12/5/1998,2000,
1800,12/5/1998,2000,
1801,4/16/1999,2002,
1802,4/16/1999,2001,
1803,4/16/1999,2002,
1804,4/16/1999,2001,
1805,4/16/1999,2001,
1806,12/4/1999,2003,TRUE
1807,12/4/1999,2001,
1808,12/3/1999,2002,
1809,12/3/1999,2003,TRUE
1810,4/7/2000,2002,
1811,4/7/2000,2003,
1812,4/7/2000,2002,
1813,12/3/2000,2004,
1814,12/3/2000,2004,
1815,12/3/2000,2005,
1816,12/3/2000,2007,
1817,12/3/2000,2004,
1818,3/24/2001,2004,
1819,3/24/2001,2005,TRUE
1820,12/8/2001,2004,
1821,12/8/2001,2005,TRUE
1822,12/8/2001,2005,TRUE
1823,12/8/2001,2005,
1824,4/6/2002,2005,
1825,4/6/2002,2006,TRUE
1826,4/6/2002,2006,TRUE
1827,4/12/2003,2004,
1828,4/12/2003,2006,
1829,4/12/2003,2006,
1830,4/21/2004,2007,
1831,,2007,TRUE
1832,4/21/2004,2007,
1833,12/3/2004,2009,
1834,,2009,TRUE
1835,,2009,TRUE
1836,12/3/2004,2008,
1837,12/3/2004,2008,
1838,12/3/2004,2008,
1839,12/3/2004,2008,
1840,12/3/2004,2008,
1841,4/9/2005,2007,
1842,4/9/2005,2009,TRUE
1843,4/9/2005,2008,
1844,4/9/2005,2008,
1845,4/9/2005,1965,
1846,12/3/2005,2007,
1847,12/3/2005,2007,
1848,12/3/2005,2006,
1849,,2009,TRUE
1850,,2009,TRUE
1851,,2009,TRUE
1852,12/3/2005,2008,
1853,3/24/2006,2010,TRUE
1854,3/24/2006,2008,
1855,3/24/2006,2009,
1856,3/24/2006,1972,
1857,,2009,TRUE
1858,12/8/2006,2010,
1859,12/8/2006,2010,
1860,,2010,TRUE
1861,,2010,TRUE
1862,,2010,
1863,,2010,TRUE
1864,3/23/2007,2010,
1865,3/23/2007,2010,
1866,3/23/2007,2012,
1867,,2012,TRUE
1868,,2010,
1869,,2012,TRUE
1870,4/11/2008,2009,
1871,4/11/2008,2011,
1872,,2012,TRUE
1873,,2012,TRUE
1874,,2012,TRUE
1875,,2012,TRUE
1876,,2012,TRUE
1877,4/11/2008,1966,
1878,12/5/2008,2012,
1879,12/5/2008,2011,
1880,12/5/2008,2009,
1881,,2012,TRUE
1882,,2012,TRUE
1883,,2012,TRUE
1884,,2012,
1885,,2012,
1886,12/4/2009,2013,
1887,12/4/2009,2013,
1889,,2013,
1890,,2013,
1891,10/23/2010,2013,
1892,10/23/2010,2013,
1893,12/3/2010,2013,
1894,,2013,TRUE
1895,,2014,
1896,,2014,TRUE
1897,,2014,TRUE
1898,,2014,TRUE
1899,,2014,TRUE
1900,,2014,TRUE
1901,,2014,
1902,,2014,
1903,,2014,
1904,,2014,
1905,,2014,
1906,,2014,
1907,12/2/2011,2013,
1908,,2015,
1909,,2015,
1910,,2015,
1911,,2014,
1912,,2015,
1913,,2015,
1914,,2015,
1915,,2015,
1916,,2015,
1917,,2015,
1918,,2016,
1919,,2015,
1920,,2015,
1921,,2016,
1922,,2016,
1923,4/19/2013,2016,
1924,4/19/2013,2016,
1925,4/19/2013,2016,
1926,4/19/2013,2016,
1927,4/19/2013,2016,
1928,4/19/2013,2016,
1929,4/19/2013,2016,
1930,4/19/2013,2015,
1931,4/19/2013,2016,
1932,12/6/2013,2017,
1933,12/6/2013,2017,
1934,12/6/2013,2016,
1935,12/6/2013,2017,
1936,12/6/2013,2017,
1937,12/6/2013,2017,
1938,12/6/2013,2016,
1939,12/6/2013,2017,
1940,12/6/2013,2017,
1941,12/6/2013,2017,
1942,12/6/2013,2017,TRUE
1943,12/6/2013,2017,
1944,12/6/2013,2017,
1945,12/6/2013,2017,
1946,4/18/2014,2017,
1947,4/18/2014,2017,
1948,4/18/2014,2017,
1949,4/18/2014,2018,
1950,4/18/2014,2017,
1951,4/18/2014,2016,
1952,4/18/2014,2017,
1953,12/5/2014,2017,
1954,12/5/2014,2018,
1955,12/5/2014,2018,
1956,12/5/2014,2017,
1957,12/5/2014,2018,
1958,12/5/2014,2017,
1959,4/17/2015,2017,
1960,12/11/2015,2019,
1961,12/11/2015,2019,
1962,12/11/2015,2019,
1963,12/11/2015,2019,
1964,12/11/2015,2019,
1965,12/11/2015,2019,
1966,12/11/2015,2019,
1967,12/11/2015,2019,
1968,12/11/2015,2019,
1969,12/11/2015,2019,
1970,12/11/2015,2019,
1971,12/11/2015,2019,
1972,12/11/2015,2019,
1973,12/11/2015,2019,
1974,4/8/2016,2020,
1975,4/8/2016,2020,
1976,4/8/2016,2020,
1977,4/8/2016,2020,
1978,4/8/2016,2020,
1979,4/8/2016,2020,
1980,4/8/2016,2020,
1981,4/8/2016,2020,
1982,12/3/2016,2020,
1983,12/3/2016,2020,
1984,12/3/2016,2020,
1985,12/3/2016,2020,
1986,12/3/2016,2020,
1987,12/3/2016,2020,
1988,12/3/2016,2020,
1989,12/3/2016,2020,
1990,12/3/2016,2020,
1991,12/3/2016,2020,
1992,12/3/2016,2020,
1993,12/3/2016,2020,
1994,12/3/2016,2020,
1995,12/3/2016,2020,
1996,12/3/2016,2020,
1997,12/3/2016,2020,
1998,4/7/2017,2021,
1999,4/7/2017,2021,
2000,4/7/2017,2021,
2001,4/7/2017,2021,
2002,4/7/2017,2021,
2003,4/7/2017,2021,
2004,11/18/2017,2021,
2005,11/18/2017,2021,
2006,11/18/2017,2021,
2007,11/18/2017,2021,
2008,11/18/2017,2021,
2009,11/18/2017,2021,
2010,11/18/2017,2021,
2011,11/18/2017,2021,
2012,11/18/2017,2021,
2013,11/18/2017,2021,
2014,11/18/2017,2021,
2015,11/18/2017,2021,
2016,11/18/2017,2021,
2017,11/18/2017,2021,
